# Please respect the format : Item_Number Title,Range,Step
1 6m,50.2M:51.2M:25k
2 2m,144M:148M:25k
3 70cm,430M:440M:25k
4 PMR,446.00625M:446.19375M:12.5k
5 LPD,433.050M:434.790M:25k
6 PM-Mougins,171.479M
7 Range1,154M:156M:25k
8 Range2,460M:465M:25k
9 Range3,169M:170M:25k
10 Air,118M:137M:25k
11 Cannes-Infos,130.475M
